geography,geographycode,April_2020,April_2021,August_2020,December_2020,February_2021,January_2021,July_2020,June_2020,March_2020,March_2021,May_2020,November_2020,October_2020,September_2020,Total,Young,childrens,old,Total_For_Disability,Day_to_Dayactivitieslimitedalittle,Day_to_Dayactivitieslimitedalot,Day_to_Dayactivitiesnotlimited,Unshareddwelling,Shareddwellings
Adur,E07000223,22,0,0,1,13,29,0,0,0,2,15,0,2,3,87,31343,8931,17778,61182,6710,5592,48880,27647,6
Allerdale,E07000026,42,1,8,13,76,72,4,4,1,9,15,12,2,0,259,50017,13298,27680.1,96422,10309,9718,76395,45430,3
Amber Valley,E07000032,54,1,1,30,51,74,2,11,4,12,25,34,6,1,306,65721,17428,31999.8,122309,13255,11554,97500,54930,3
Arun,E07000224,31,3,0,17,80,132,0,7,1,15,25,6,2,1,320,72338,19077,50732.5,149518,17505,13984,118029,70115,75
Ashfield,E07000170,71,4,0,27,72,68,5,10,1,29,51,32,7,1,378,65906,18592,27858,119497,13523,13340,92634,52786,10
Ashford,E07000105,48,1,4,36,38,93,22,41,1,13,40,3,2,5,347,62600,19871,27686.6,117956,10669,8416,98871,49726,21
Aylesbury Vale,E07000004,82,2,3,19,78,96,5,6,1,19,30,14,1,0,356,97056,29037,36816.1,174137,13733,9921,150483,71861,22
Babergh,E07000200,33,1,0,30,18,58,0,6,2,6,17,31,2,0,204,43757,12765,25785.1,87740,8910,6333,72497,39010,5
Barking and Dagenham,E09000002,119,3,0,65,66,161,0,4,15,9,20,41,6,4,513,106247,40787,26153.4,185911,14876,15584,155451,71020,59
Barnet,E09000003,321,4,1,51,81,246,2,6,46,20,55,27,5,2,867,208969,61780,64380.8,356386,26428,23475,306483,139090,256
Barnsley,E08000016,111,8,0,110,76,98,6,30,1,32,80,135,28,2,717,127678,35312,54893.4,231221,26121,29147,175953,104926,49
Barrow-in-Furness,E07000027,56,1,2,10,13,22,3,1,3,5,9,29,10,1,165,37158,10141,17807.3,69087,8062,8961,52064,33011,7
Basildon,E07000066,126,4,0,53,64,162,12,17,1,26,48,29,13,0,555,96188,29033,38424.1,174497,16040,14296,144161,74029,3
Basingstoke and Deane,E07000084,66,3,0,22,33,86,0,15,4,13,23,22,0,0,287,95520,27570,34378.7,167799,13402,9326,145071,70924,12
Bassetlaw,E07000171,32,5,1,52,16,28,3,16,0,7,16,30,6,2,214,60601,16417,29070.5,112863,12409,12202,88252,49392,9
Bath and North East Somerset,E06000022,62,0,0,25,82,58,2,3,8,7,12,4,2,0,265,99695,24134,42659.3,176016,16028,12267,147721,75821,110
Bedford,E06000055,69,4,3,45,102,122,13,17,12,13,51,23,3,2,479,87433,25920,34209.9,157479,14020,11181,132278,67245,88
Bexley,E09000004,149,5,4,42,80,176,7,11,9,16,38,33,7,2,579,127850,39122,50045.8,231997,19996,17057,194944,95000,37
Birmingham,E08000025,831,31,8,212,422,522,11,47,41,96,201,197,68,29,2716,614262,200476,184683.3,1073045,99720,98181,875144,423109,524
Blaby,E07000129,28,1,0,18,35,44,3,11,2,13,28,20,2,3,208,50640,14453,23272.9,93915,8334,6464,79117,39667,2
Blackburn with Darwen,E06000008,52,2,9,56,55,105,4,4,0,12,26,65,20,6,416,81899,28323,26981.2,147489,14278,15563,117648,59585,30
Blackpool,E06000009,56,0,1,47,42,76,7,20,0,15,40,58,19,1,382,76558,20801,36695.3,142065,17084,19247,105734,68852,132
Bolsover,E07000033,25,3,0,22,42,54,1,2,2,17,19,32,2,1,222,41420,11251,18857,75866,8821,9886,57159,34362,1
Bolton,E08000001,194,6,4,66,70,84,7,15,5,25,72,83,43,6,680,152842,46766,59423.4,276786,27140,27773,221873,120748,54
Boston,E07000136,22,2,0,65,7,23,0,3,0,5,8,22,0,0,157,34645,9328,17178.5,64637,6841,6199,51597,28336,9
Bournemouth,E06000028,46,0,0,26,103,134,2,4,1,15,19,21,5,0,376,109206,23385,42541,183491,18289,15858,149344,85007,374
Bracknell Forest,E06000036,40,1,0,6,25,46,0,7,3,5,13,7,3,1,157,66565,19578,20017.4,113205,7996,5901,99308,46923,14
Bradford,E08000032,265,29,9,132,106,132,11,47,1,41,140,167,62,20,1162,289721,100311,96188.2,522452,46552,43975,431925,207034,234
Braintree,E07000067,65,2,0,10,91,156,4,7,1,19,33,11,3,0,402,80078,23683,34420,147084,13415,10695,122974,62694,10
Breckland,E07000143,42,2,0,20,60,115,2,6,1,7,35,4,1,0,295,66443,18728,37951.6,130491,14108,11537,104846,57420,5
Brent,E09000005,344,8,1,38,82,169,5,12,41,17,52,10,9,4,792,195907,52422,44979,311215,23213,21669,266333,111748,335
Brentwood,E07000068,56,0,0,27,24,60,2,5,2,3,19,21,5,0,224,39239,10969,18849.6,73601,6430,5019,62152,32059,8
Brighton and Hove,E06000043,86,0,2,25,77,114,4,11,2,21,43,13,7,0,405,175016,36535,48443.4,273369,24124,20445,228800,123902,515
Bristol,E06000023,155,6,0,55,93,102,4,17,9,18,49,45,10,2,565,264781,65800,75986.5,428234,37154,34570,356510,187980,458
Broadland,E07000144,30,1,0,18,103,101,2,5,0,11,28,7,3,0,309,63070,16880,37566.9,124646,13241,10089,101316,54854,6
Bromley,E09000006,215,2,0,28,110,193,3,9,19,11,67,9,5,2,673,170365,49886,70568.9,309392,25851,20472,263069,134923,113
Bromsgrove,E07000234,78,3,0,22,33,50,0,9,4,5,37,6,0,0,247,49026,13490,25634.6,93637,8863,7585,77189,39371,3
Broxbourne,E07000095,58,1,1,20,21,82,1,1,2,5,10,8,5,0,215,51746,15315,20684.1,93609,7885,6396,79328,39185,7
Broxtowe,E07000172,51,7,0,39,43,43,4,5,4,7,26,27,5,0,261,60582,15411,27687.4,109487,11117,9474,88896,48658,8
Burnley,E07000117,35,0,2,42,28,79,2,5,0,10,17,44,20,6,290,47719,14325,20014.4,87059,9517,10090,67452,39929,10
Bury,E08000002,128,5,2,56,33,60,6,35,7,28,46,75,35,3,519,101856,30591,41291.2,185060,18088,16733,150239,81414,9
Calderdale,E08000033,77,1,5,35,41,43,6,5,2,12,22,47,18,4,318,112666,32781,45855.6,203826,19870,16730,167226,92133,40
Cambridge,E07000008,49,1,0,0,17,21,0,1,1,4,26,0,1,0,121,83987,15300,19609.6,123867,9266,6798,107803,48196,92
Camden,E09000007,126,4,0,12,44,76,2,5,6,11,17,2,2,1,308,148101,29411,33267.7,220338,16300,15531,188507,99127,701
Cannock Chase,E07000192,42,2,0,40,39,71,1,6,4,6,18,29,5,2,265,54688,15147,21805.6,97462,10080,10124,77258,41812,4
Canterbury,E07000106,57,3,3,76,47,179,11,17,0,9,35,12,2,0,451,84214,20437,38141,151145,14891,12427,123827,63800,59
Carlisle,E07000028,59,1,5,15,50,95,6,5,10,7,44,15,5,2,319,59407,15271,27185.3,107524,10704,9919,86901,50177,53
Castle Point,E07000069,48,7,0,36,75,133,9,18,1,9,18,9,2,0,365,44688,11998,26180.2,88011,8753,7995,71263,37680,2
Central Bedfordshire,E06000056,136,1,0,46,83,150,12,33,10,18,69,18,3,2,581,141850,40870,56220.6,254381,21142,15465,217774,108677,15
Charnwood,E07000130,55,3,1,45,55,62,6,15,1,13,37,21,6,3,323,96074,23507,37634.3,166100,14726,11143,140231,69195,25
Chelmsford,E07000070,83,3,0,20,81,137,3,11,4,16,43,10,1,2,414,93598,25975,39030.1,168310,14124,10186,144000,71240,7
Cheltenham,E07000078,96,0,2,31,11,35,0,4,0,2,27,6,1,1,216,67420,16397,25753.5,115732,9924,7582,98226,53051,71
Cherwell,E07000177,78,2,0,13,33,60,1,2,2,7,30,2,1,0,231,79741,23399,30178.9,141868,11374,8698,121796,58990,28
Cheshire East,E06000049,240,3,3,73,111,141,19,74,8,22,158,43,14,0,909,197310,53619,97857,370127,35625,29206,305296,166202,34
Cheshire West and Chester,E06000050,190,10,1,85,131,160,14,53,7,19,108,69,13,3,863,179783,47302,83827.3,329608,31897,29098,268613,147515,53
Chesterfield,E07000034,40,0,1,13,54,34,0,5,1,12,32,13,1,1,207,56601,14899,26288.4,103788,11985,11948,79855,48483,10
Chichester,E07000225,45,1,0,15,81,99,0,3,1,9,27,6,1,0,288,56349,14909,36488.5,113794,11555,8328,93911,53802,11
Chiltern,E07000005,62,2,1,11,23,48,3,1,7,8,14,3,0,0,183,46923,15141,24273.6,92635,7394,5054,80187,38275,12
Chorley,E07000118,59,1,0,38,15,24,0,15,1,6,29,28,10,0,226,59347,16105,25667.5,107155,10112,9626,87417,46754,11
Christchurch,E07000048,11,3,0,10,22,25,0,3,0,8,7,7,3,0,99,21310,5972,17955.1,47752,6071,4629,37052,23129,3
City of London,E09000001,2,0,0,1,3,3,0,0,1,0,1,0,0,0,11,5185,523,1539.4,7375,520,328,6527,5503,10
Colchester,E07000071,64,3,0,10,75,103,2,7,1,17,32,35,2,0,351,99143,26175,38188.9,173074,15202,12141,145731,74493,45
Copeland,E07000029,36,1,3,8,50,26,0,9,2,7,10,12,4,2,170,38280,9872,18623.1,70603,7524,7537,55542,32420,8
Corby,E07000150,24,1,0,17,14,27,1,7,0,5,15,12,1,0,124,35546,10448,11550.5,61255,5431,5437,50387,26181,0
Cornwall,E06000052,129,3,2,19,127,117,2,5,5,29,51,14,1,0,504,271905,72544,157895.3,532273,60549,53166,418558,258747,136
Cotswold,E07000079,43,0,0,16,10,29,0,2,1,4,8,18,2,0,133,42269,10998,24912.2,82881,7952,5417,69512,39934,10
County Durham,E06000047,358,8,1,126,119,169,8,78,10,32,215,163,56,6,1349,285411,72222,127781,513242,58411,62875,391956,233469,16
Coventry,E08000026,192,13,2,38,97,108,3,10,17,28,47,23,13,3,594,184929,52594,61642.8,316960,28669,27578,260713,132699,192
Craven,E07000163,41,0,0,27,11,12,2,1,2,0,15,9,4,0,124,27711,7325,17100.5,55409,5589,4348,45472,27008,6
Crawley,E07000226,43,0,0,5,48,59,1,3,4,9,17,8,3,0,200,63267,18456,18666.8,106597,8701,7001,90895,43455,9
Croydon,E09000008,327,6,0,51,122,206,5,16,25,25,97,25,5,3,913,212930,65914,61440.4,363378,28733,24380,310265,147842,257
Dacorum,E07000096,85,1,1,22,51,105,1,5,2,6,19,5,8,0,311,80924,23804,31296.4,144847,12156,9180,123511,61936,6
Darlington,E06000005,47,2,1,32,23,34,0,8,0,7,29,40,20,1,244,57512,16704,25164.2,105564,10902,9821,84841,48608,36
Dartford,E07000107,75,2,3,22,57,65,8,11,3,9,19,10,1,0,285,55836,16562,19082.8,97365,8114,6621,82630,41209,11
Daventry,E07000151,38,1,1,11,5,31,2,12,2,4,17,9,3,0,136,42019,12043,18932.9,77843,6998,5115,65730,32614,4
Derby,E06000015,178,5,3,54,120,137,5,35,7,19,65,67,12,0,707,141571,42069,50292.6,248752,24472,21984,202296,106444,65
Derbyshire Dales,E07000035,39,1,2,12,35,27,1,8,1,6,20,11,4,0,167,35664,9342,21946.5,71116,7608,5578,57930,33479,2
Doncaster,E08000017,101,6,2,108,65,116,15,37,1,18,76,198,52,4,799,167014,47993,70027.8,302402,31891,33644,236867,130757,62
Dover,E07000108,44,3,1,58,37,87,12,29,1,21,31,13,2,0,339,57682,16594,30783.1,111674,12404,10853,88417,51408,45
Dudley,E08000027,191,9,2,75,131,126,2,13,16,30,45,71,11,1,723,167451,49191,77784.5,312925,32850,30578,249497,133872,36
Ealing,E09000009,290,7,1,36,82,165,2,12,31,28,47,28,8,4,741,211421,57562,50458.4,338449,24894,22885,290670,126854,333
East Cambridgeshire,E07000009,32,1,0,4,17,25,1,3,0,0,11,2,1,0,97,45701,13529,19816.2,83818,7479,5423,70916,35741,6
East Devon,E07000040,22,4,1,54,19,43,0,4,1,10,17,6,0,0,181,60628,16502,48299.9,132457,16025,11814,104618,63853,28
East Dorset,E07000050,20,2,0,14,55,45,0,3,2,12,13,14,3,0,183,34242,10192,19987.8,68583,7123,4896,56564,30388,9
East Hampshire,E07000085,43,1,0,10,50,43,0,3,4,10,27,3,2,0,196,60228,17536,30581,115608,9841,7402,98365,49090,9
East Hertfordshire,E07000242,75,0,0,19,35,64,2,2,2,7,15,7,1,1,230,76553,22439,29638.5,137687,10685,7360,119642,58341,5
East Lindsey,E07000137,28,2,0,110,27,39,4,3,0,15,11,70,8,2,319,64499,16985,47794.8,136401,17927,17475,100999,65048,60
East Northamptonshire,E06000011,56,1,0,32,20,29,2,13,2,2,22,11,3,0,193,171579,45450,98568.5,334179,34936,29029,270214,149806,48
East Riding of Yorkshire,E07000193,133,7,2,129,81,126,7,43,4,24,94,76,22,0,748,62633,18130,26165.8,113583,11125,8982,93476,49094,9
Eastbourne,E07000061,31,5,3,14,75,143,1,4,3,9,22,3,0,3,316,51262,13828,28984.8,99412,11209,9622,78581,47373,96
Eastleigh,E07000086,49,0,0,1,40,37,0,6,1,6,29,8,0,0,177,69372,19523,28945.1,125199,10837,8279,106083,53394,7
Eden,E07000030,17,1,1,11,18,50,2,3,2,3,13,9,2,0,132,26938,6807,15916.1,52564,5370,4098,43096,25302,3
Elmbridge,E07000207,69,1,0,7,48,87,4,11,4,4,17,14,0,0,266,70561,22813,29225.8,130875,9134,6697,115044,55716,15
Enfield,E09000010,308,2,1,41,71,208,5,9,16,17,40,18,5,2,743,181433,58243,52520.9,312466,25297,22682,264487,121874,168
Epping Forest,E07000072,142,1,0,32,40,112,1,5,2,8,24,11,4,1,383,67769,18810,30886.1,124659,10770,8831,105058,54405,4
Epsom and Ewell,E07000208,58,3,0,20,43,60,0,5,2,7,12,4,4,1,219,41042,11982,17381,75102,5868,4198,65036,30531,7
Erewash,E07000036,47,6,0,24,53,47,6,17,2,10,24,44,9,0,289,61796,16890,27247.8,112081,11648,9988,90445,50519,11
Exeter,E07000041,31,1,0,15,11,33,0,1,5,5,2,10,0,0,114,72307,15721,24454.1,117773,10683,9006,98084,50619,97
Fareham,E07000087,57,2,0,19,48,80,0,4,12,13,18,7,1,3,264,58667,15606,30654.6,111581,10839,7548,93194,47937,4
Fenland,E07000010,29,0,0,26,36,51,0,9,1,13,33,8,0,1,207,50156,13646,25977.1,95262,10554,9476,75232,42074,13
Forest Heath,E07000201,7,0,1,8,16,19,2,1,1,1,8,0,0,0,64,34198,9182,13314.8,59748,4986,4024,50738,27538,9
Forest of Dean,E07000080,35,0,0,17,6,37,0,1,0,2,9,4,1,0,112,42171,11644,23410,81961,8798,7265,65898,36157,7
Fylde,E07000119,43,3,1,42,37,30,4,16,0,8,29,23,17,1,254,37976,9735,24082.9,75757,8714,7849,59194,37328,29
Gateshead,E08000037,150,1,0,19,43,50,1,10,1,11,65,51,37,7,446,112097,29396,47881.5,200214,21435,22917,155862,92582,7
Gedling,E07000173,63,5,2,36,28,49,2,4,4,20,36,31,10,0,290,61523,16689,28812.4,113543,11970,9986,91587,50859,5
Gloucester,E07000081,90,1,0,18,26,45,0,1,0,2,46,12,3,0,244,69682,20082,24688.2,121688,11148,9285,101255,52654,68
Gosport,E07000088,37,3,1,13,31,46,0,1,5,5,9,4,0,1,156,45063,13345,19317.8,82622,8095,6405,68122,36668,9
Gravesham,E07000109,57,2,2,39,41,85,8,7,0,17,14,15,6,2,295,55858,17169,22202.7,101720,9546,7796,84378,41681,18
Great Yarmouth,E07000145,24,1,0,10,79,54,0,9,1,6,6,12,5,0,207,49674,14420,27641.1,97277,11274,10578,75425,44328,27
Greenwich,E09000011,159,3,1,25,68,133,1,9,17,24,25,11,3,1,480,156897,46388,36322.6,254557,19417,19017,216123,102978,208
Guildford,E07000209,52,0,1,7,47,59,2,8,1,12,23,7,0,1,220,80254,20139,29363,137183,10220,7096,119867,56045,35
Hackney,E09000012,166,8,2,26,66,127,4,1,16,14,29,13,5,0,477,165209,42517,24698.4,246270,17620,18064,210586,101753,655
Halton,E06000006,70,2,1,8,42,51,1,21,5,10,20,18,24,1,274,70491,20689,27027.9,125746,12309,14556,98881,54680,6
Hambleton,E07000164,45,2,0,9,13,41,0,10,1,5,13,16,3,1,159,45788,12106,26171.5,89140,8695,6330,74115,39888,8
Hammersmith and Fulham,E09000013,125,1,1,8,37,62,2,2,10,4,18,7,4,0,281,126890,24892,23124.7,182493,11485,11473,159535,81878,512
Harborough,E07000131,28,2,0,19,26,25,5,3,2,4,18,14,4,1,151,45081,13122,21693.6,85382,7376,5048,72958,36097,4
Haringey,E09000014,199,4,1,25,59,104,2,8,17,7,32,9,4,3,474,165644,42436,31646.2,254926,18408,17255,219263,103530,643
Harlow,E07000073,55,2,0,15,29,61,2,1,2,5,8,5,2,1,188,46417,14150,16486.2,81944,7592,6416,67936,35708,11
Harrogate,E07000165,82,2,2,6,36,20,10,37,3,18,55,9,3,1,284,83336,23533,41610,157869,14129,10490,133250,70342,56
Harrow,E09000015,266,6,0,36,73,110,2,10,44,28,54,7,8,1,645,138717,40072,45714.6,239056,18687,16167,204202,86471,53
Hart,E07000089,31,0,0,0,27,75,0,4,2,4,4,1,0,2,150,49474,14865,20939,91033,6822,4123,80088,36497,4
Hartlepool,E06000001,56,1,0,31,11,65,1,13,2,5,36,21,8,0,250,50223,14717,21474.8,92028,10178,11137,70713,42095,7
Hastings,E07000062,6,1,0,42,41,136,0,1,1,7,2,2,0,1,240,49637,13807,21533.2,90254,10375,9581,70298,42679,92
Havant,E07000090,58,4,1,41,34,94,1,4,3,11,29,13,2,1,296,62041,17827,33663.3,120684,12696,10647,97341,52772,9
Havering,E09000016,198,2,0,133,74,259,2,3,15,22,44,67,21,4,844,129567,36462,56878.4,237232,21478,19466,196288,99150,34
Herefordshire,E06000019,44,3,0,21,46,87,2,12,1,4,60,6,6,1,293,94823,25540,52663,183477,18994,15370,149113,82512,37
Hertsmere,E07000098,135,0,0,13,41,60,2,4,7,7,26,13,7,3,318,55014,16699,22145.4,100031,8114,6755,85162,40983,10
High Peak,E07000037,65,2,3,14,29,33,4,14,1,7,17,28,18,3,238,49977,13328,22141.1,90892,9013,7451,74428,40760,11
Hillingdon,E09000017,237,7,1,60,119,170,6,5,25,22,32,20,2,0,706,161852,47243,48000.4,273936,21198,17981,234757,103879,28
Hinckley and Bosworth,E07000132,45,1,1,15,24,41,3,19,1,9,28,15,3,2,207,56657,15164,27284.7,105078,9987,7845,87246,46905,4
Horsham,E07000227,52,3,1,14,40,39,3,10,4,8,41,5,4,1,225,68528,19625,34721.1,131301,11550,7857,111894,56503,13
Hounslow,E09000018,151,6,2,38,86,175,3,4,23,19,28,26,5,3,569,158766,43542,37739.2,253957,18600,16403,218954,96738,154
Huntingdonshire,E07000011,42,6,4,9,37,52,4,26,2,17,42,4,4,1,250,94146,26299,38741.9,169508,14650,10653,144205,71392,7
Hyndburn,E07000120,26,0,1,25,28,50,4,4,2,9,20,25,13,4,211,44059,13755,17901.7,80734,8400,9153,63181,35977,5
Ipswich,E07000202,77,2,0,36,44,89,4,5,0,21,37,4,0,0,319,76905,21960,27005,133384,12824,10718,109842,59259,42
Isle of Wight,E06000046,30,1,1,10,63,80,0,7,3,12,37,7,1,3,255,68149,18200,43992.4,138265,16972,14274,107019,67464,42
Isles of Scilly,E06000053,0,0,0,0,0,0,0,0,0,0,0,0,0,0,0,1172,239,722.7,2203,200,108,1895,1387,1
Islington,E09000019,110,4,1,9,60,96,1,2,7,7,20,8,0,0,325,144476,27267,25298.5,206125,15729,16542,173854,96400,472
Kensington and Chelsea,E09000020,87,1,0,8,34,68,2,3,13,7,16,10,2,0,251,104668,20248,27328.8,158649,10237,9332,139080,84224,574
Kettering,E07000153,32,2,0,18,27,39,8,22,2,11,33,4,0,0,198,51298,15405,21247.5,93475,8826,7166,77483,41452,10
King's Lynn and West Norfolk,E07000146,78,1,0,39,99,92,0,9,2,14,45,7,3,0,389,74022,20447,45137.5,147451,16955,14426,116070,73943,19
Kingston upon Hull,E06000010,60,10,1,80,70,117,9,42,2,26,82,87,24,1,611,152052,40835,49612.5,256406,24719,25672,206015,116430,65
Kingston upon Thames,E09000021,84,8,1,30,34,86,1,1,8,6,30,14,1,1,305,98028,25151,28377,160060,11297,8605,140158,65092,106
Kirklees,E08000034,186,9,9,123,92,102,11,22,4,25,80,139,57,10,869,235645,70641,90033.4,422458,39269,35694,347495,180992,115
Knowsley,E08000011,83,3,0,15,83,57,1,4,2,19,41,34,49,4,395,81882,23588,31262.1,145893,14965,20786,110142,62964,3
Lambeth,E09000022,193,8,2,9,88,121,3,15,27,16,31,3,5,0,521,210525,45608,32232.7,303086,20053,18618,264415,131511,702
Lancaster,E07000121,41,2,1,33,63,67,1,2,3,8,17,32,15,0,285,78045,18516,34140.2,138375,14176,12751,111448,60685,76
Leeds,E08000035,390,20,4,148,159,141,13,50,10,80,204,231,74,11,1535,447038,114504,149813.6,751485,66523,59155,625807,331535,284
Leicester,E06000016,140,12,5,72,143,138,28,41,5,51,85,63,14,13,810,200680,57725,51306.8,329839,29522,27615,272702,126501,202
Lewes,E07000063,56,0,1,13,45,87,2,6,1,13,34,5,3,0,266,48800,13783,29411.7,97502,10583,8471,78448,43826,21
Lewisham,E09000023,210,5,1,26,92,128,2,11,19,14,31,6,3,1,549,176454,48239,35958.6,275885,20212,19523,236150,117309,342
Lichfield,E07000194,76,2,2,36,39,48,3,9,1,14,20,24,4,3,281,52771,14351,27821.2,100654,9976,8289,82389,43160,8
Lincoln,E07000138,12,1,0,53,16,44,0,3,0,10,8,8,7,2,164,57933,12860,18237.4,93541,9254,8012,76275,42531,25
Liverpool,E08000012,413,10,6,58,163,157,3,18,15,36,88,147,150,16,1280,287620,64596,89921.7,466415,45136,59484,361795,213813,336
Luton,E06000032,133,5,1,51,69,129,3,19,10,19,38,26,6,0,509,118793,38970,32261.8,203201,16514,14073,172614,75926,88
Maidstone,E07000110,62,0,2,64,58,153,2,10,0,4,34,8,1,0,398,84744,24241,36755.1,155143,13845,10660,130638,65483,43
Maldon,E07000074,23,1,1,6,29,62,0,2,0,4,7,4,0,0,139,31796,8632,17518,61629,6036,4702,50891,27209,1
Malvern Hills,E07000235,33,0,0,7,24,42,1,3,1,5,8,6,0,0,130,35890,10155,24182.9,74631,8112,6477,60042,33676,13
Manchester,E08000003,238,5,5,78,119,120,15,23,5,35,102,105,54,9,913,329195,81367,65813.2,503127,42011,47353,413763,213243,286
Mansfield,E07000174,43,4,2,24,54,85,1,13,2,19,12,33,3,0,295,58284,15871,24499.2,104466,12100,12708,79658,46848,11
Medway,E06000035,109,5,3,141,91,241,5,14,5,22,47,41,1,4,729,150589,44112,52496.7,263925,23621,19733,220571,110045,62
Melton,E07000133,16,0,1,21,12,10,0,0,2,6,6,13,1,3,91,27043,7381,12960.7,50376,4684,3165,42527,22179,6
Mendip,E07000187,14,0,0,43,41,43,0,4,0,6,9,5,2,2,169,56198,16859,29275.9,109279,11067,8407,89805,48661,14
Merton,E09000024,142,2,1,41,43,120,2,9,12,16,30,9,3,0,430,124523,32797,31935.3,199693,13993,11239,174461,80825,94
Mid Devon,E07000042,12,1,0,18,6,18,1,1,0,3,4,2,2,1,69,39563,11778,21738.3,77750,7708,5792,64250,33966,6
Mid Suffolk,E07000203,32,2,0,22,26,45,2,12,1,3,29,3,0,0,177,49480,14351,27059.4,96731,9559,6450,80722,41913,5
Mid Sussex,E07000228,96,2,0,19,46,68,2,2,4,15,50,13,0,2,319,74460,22050,34636,139860,11737,8084,120039,58699,13
Middlesbrough,E06000002,130,3,1,11,44,57,1,12,2,20,50,21,12,1,365,78440,23265,28259.8,138412,13919,14959,109534,59914,42
Milton Keynes,E06000042,139,0,1,53,69,154,3,7,10,17,28,20,0,0,501,146410,45926,40716.1,248821,18736,15802,214283,101999,13
Mole Valley,E07000210,61,2,0,12,49,56,0,8,6,14,27,4,0,0,239,43705,12718,23646.7,85375,7329,5213,72833,36964,7
New Forest,E07000091,72,4,0,10,59,77,2,6,2,14,40,13,3,1,303,85495,23271,58076.2,176462,19391,14591,142480,80272,14
Newark and Sherwood,E07000175,49,2,1,28,37,37,0,5,1,12,21,25,5,0,223,61046,16900,30040.6,114817,12398,10966,91453,50931,5
Newcastle upon Tyne,E08000021,129,3,4,53,37,64,3,21,6,10,68,63,24,8,493,173195,39642,52888.9,280177,25916,26661,227600,121711,50
Newcastle-under-Lyme,E07000195,72,2,1,60,40,58,4,16,2,14,37,36,7,1,350,68957,17001,30982.8,123871,13397,12427,98047,54204,16
Newham,E09000025,229,4,1,89,80,217,4,7,28,23,30,17,13,3,745,201030,58241,29157.3,307984,21148,21563,265273,103012,200
North Devon,E07000043,21,0,0,13,6,8,0,0,0,0,3,4,0,0,55,47014,13320,28090.3,93667,10219,8180,75268,44379,45
North Dorset,E07000050,15,0,0,5,21,32,0,1,0,3,5,1,0,0,83,34242,10192,19987.8,68583,7123,4896,56564,30388,9
North East Derbyshire,E07000038,73,1,0,25,34,38,2,11,1,12,48,18,8,1,272,51655,13425,28616.3,99023,11168,10594,77261,44049,1
North East Lincolnshire,E06000012,26,4,0,63,14,24,0,0,2,13,6,89,11,0,252,86735,25094,38563.2,159616,16334,14786,128496,72498,22
North Hertfordshire,E07000099,52,2,0,11,62,105,2,6,2,16,34,4,2,0,298,69702,20274,29509.2,127114,11165,8017,107932,54953,9
North Kesteven,E07000139,29,1,0,43,26,56,1,2,0,8,6,18,5,0,195,55633,15159,30425.7,107766,11496,9108,87162,47548,3
North Lincolnshire,E06000013,44,5,0,60,18,49,1,7,0,3,40,46,4,1,278,90397,26008,41531.8,167446,16946,15333,135167,73617,11
North Norfolk,E07000147,23,0,1,21,34,67,1,2,1,6,22,7,0,0,185,46189,11920,38483.5,101499,13153,10456,77890,53215,9
North Somerset,E06000024,48,4,0,41,36,75,7,27,2,12,52,22,3,4,333,103878,29822,57329.6,202566,21405,17335,163826,91604,90
North Tyneside,E08000022,74,5,1,48,71,65,4,6,3,30,64,44,15,1,431,112103,29423,48394.9,200801,21159,20246,159396,94514,14
North Warwickshire,E07000218,46,1,2,21,9,19,2,12,3,5,16,11,2,1,150,33609,8794,15922.7,62014,6172,5764,50078,27032,1
North West Leicestershire,E07000134,43,1,0,32,27,47,2,7,2,15,11,21,3,0,211,50649,14346,22871.8,93468,9093,7837,76538,40461,2
Northumberland,E06000057,137,6,0,71,93,131,4,26,3,22,90,59,50,8,700,166694,43820,87879.8,316028,34558,30940,250530,147995,13
Norwich,E07000148,7,1,0,17,79,67,1,5,0,9,8,6,0,0,200,82445,18396,25899.4,132512,13002,11372,108138,63249,64
Nottingham,E06000018,131,11,1,67,90,85,3,18,6,44,61,85,32,2,636,195108,46534,48212.8,305680,27683,27699,250298,131060,134
Nuneaton and Bedworth,E07000219,66,1,0,30,24,43,12,21,8,10,40,18,0,1,274,68992,19898,28989.7,125252,12502,11877,100873,54143,24
Oadby and Wigston,E07000135,35,0,0,33,17,31,0,12,0,7,13,10,3,0,161,30470,8011,14360,56170,5412,4309,46449,22480,1
Oldham,E08000004,165,6,7,70,51,70,5,12,13,17,42,130,38,2,628,122512,41220,45865.4,224897,21791,22535,180571,92984,14
Oxford,E07000178,52,0,0,12,26,62,1,3,1,5,10,2,1,0,175,100961,21267,22598.3,151906,10712,8139,133055,57093,124
Pendle,E07000122,38,1,0,29,29,47,2,7,3,5,24,55,17,3,260,48612,15155,20364.9,89452,9428,9280,70744,39380,3
Peterborough,E06000031,41,2,4,34,71,79,5,11,0,14,36,12,4,3,316,105494,32528,34296.9,183631,16538,14053,153040,76737,23
Plymouth,E06000026,44,1,0,13,47,34,0,3,1,5,30,17,8,4,207,148636,37248,56894,256384,26644,25548,204192,112883,186
Poole,E06000029,52,1,1,16,115,128,0,4,0,11,23,34,10,0,395,78443,21292,40028.1,147645,15168,12040,120437,66454,48
Portsmouth,E06000044,66,5,1,34,60,111,1,3,11,24,16,17,3,3,355,125396,31501,37268.5,205056,17791,15068,172197,87930,161
Preston,E07000123,53,6,1,38,30,30,3,16,2,16,48,42,22,4,311,83758,22174,26366.9,140202,12880,12605,114717,60288,49
Purbeck,E07000051,5,1,0,2,23,16,0,1,0,4,5,9,2,0,68,21898,5977,14714.9,44973,5057,3702,36214,22126,3
Reading,E06000038,105,6,1,9,30,46,0,8,0,3,39,10,9,1,267,98098,25427,24240.3,155698,11295,8815,135588,65435,116
Redbridge,E09000026,225,7,0,84,80,246,1,4,24,19,44,46,29,7,816,162622,51806,45998.6,278970,21838,19534,237598,101237,111
Redcar and Cleveland,E06000003,62,1,0,28,52,33,1,19,0,8,44,42,24,1,315,71640,19971,35804.5,135177,15235,15482,104460,61878,21
Redditch,E07000236,33,1,0,28,29,35,1,5,1,11,16,12,0,0,172,48002,13716,17538.6,84214,7643,6723,69848,35349,22
Reigate and Banstead,E07000211,121,5,0,29,85,84,0,9,6,6,34,16,3,1,399,76204,22214,31238.9,137835,10848,8418,118569,57019,34
Ribble Valley,E07000124,14,2,0,15,18,46,0,4,0,4,7,20,14,1,145,29218,8327,15824.5,57132,5470,4076,47586,25015,1
Richmond upon Thames,E09000027,106,2,1,22,30,74,3,3,8,15,20,10,1,0,295,110993,30732,35476.3,186990,12310,9137,165543,82375,107
Richmondshire,E07000166,17,1,0,8,7,13,1,7,1,4,19,4,0,0,82,28874,7523,12659,51965,4662,3261,44042,22796,1
Rochdale,E08000005,130,13,7,70,46,54,5,24,10,24,41,133,39,4,600,117657,36847,43307.9,211699,21729,22630,167340,89954,12
Rochford,E07000075,37,2,1,29,45,77,6,9,3,20,30,7,1,1,268,43265,12096,22827.3,83287,8165,5957,69165,34442,2
Rossendale,E07000125,24,0,0,14,22,34,1,2,0,11,23,22,12,1,166,37700,10968,15301.6,67982,6692,6818,54472,30840,5
Rother,E07000064,19,1,1,55,54,170,2,6,2,5,22,12,0,0,349,40397,11347,33772.2,90588,11591,9651,69346,43997,19
Rotherham,E08000018,171,5,2,119,53,92,19,45,2,25,79,106,25,2,745,139715,40395,61546.2,257280,27521,29067,200692,111998,20
Rugby,E07000220,29,2,0,18,16,51,0,3,2,7,32,10,3,0,173,54575,15955,23436,100075,9077,7037,83961,43174,18
Runnymede,E07000212,46,0,0,8,25,37,1,9,2,6,13,8,0,0,155,46860,11418,18124.7,80510,6418,4737,69355,34227,19
Rushcliffe,E07000176,47,2,0,14,34,42,1,7,3,8,19,19,7,0,203,60001,16673,27875.2,111129,9939,7540,93650,47339,10
Rushmoor,E07000092,45,0,0,11,53,66,1,2,2,11,26,2,0,0,219,56267,16045,16091.6,93807,7185,5250,81372,37639,19
Rutland,E06000017,7,0,0,2,18,11,1,2,0,4,11,9,0,0,65,18685,5768,10606.4,37369,3517,2271,31581,16066,3
Ryedale,E07000167,17,1,0,6,5,15,0,5,1,2,8,7,0,0,67,25338,6986,16447.6,51751,5308,3881,42562,24743,0
Salford,E08000006,221,3,1,63,49,45,4,14,19,9,55,83,35,18,619,137673,37727,45601.4,233933,22708,25709,185516,108469,138
Sandwell,E08000028,219,4,4,96,176,184,4,25,17,40,76,88,23,7,963,171616,55043,62108.4,308063,31155,33248,243660,127029,43
Scarborough,E07000168,47,1,0,30,13,25,2,3,0,2,25,31,8,1,188,54823,14212,34084.2,108793,13004,11369,84420,56357,86
Sedgemoor,E07000188,32,3,1,11,36,39,0,6,2,8,22,16,1,0,177,58920,16853,31989.4,114588,12436,10077,92075,50862,17
Sefton,E08000014,187,5,5,47,121,122,6,16,9,36,50,104,63,10,781,144025,38662,75473.5,273790,29859,32202,211729,123850,158
Selby,E07000169,20,0,0,15,17,24,1,3,1,4,17,16,1,0,119,45961,12629,20047.9,83449,7658,6020,69771,36283,4
Sevenoaks,E07000111,65,1,2,28,39,83,8,5,2,12,18,10,1,1,275,59446,18499,29896.4,114893,9872,7219,97802,48369,7
Sheffield,E08000019,308,14,5,103,116,172,10,34,4,42,193,152,37,14,1204,325002,83118,114422.9,552698,53245,50470,448983,236648,163
Shepway,E07000112,41,3,4,56,37,108,13,39,0,15,36,10,1,1,364,55407,15674,30599.4,107969,11965,10753,85251,49485,83
Shropshire,E06000051,86,2,0,39,102,90,7,35,11,22,91,39,12,3,539,159267,43348,85641.6,306129,31258,25568,249303,135544,28
Slough,E06000039,70,1,1,25,56,88,1,3,12,15,16,21,3,1,313,84997,28190,18017.5,140205,10173,8611,121421,51738,43
Solihull,E08000029,190,3,1,46,91,85,2,3,2,18,54,40,12,3,550,108231,31906,53467.3,206674,20073,16854,169747,88220,9
South Cambridgeshire,E07000012,31,6,0,7,57,44,0,5,2,13,14,2,0,1,182,81095,24096,34498.1,148755,12457,8271,128027,61710,14
South Derbyshire,E07000039,60,1,1,28,18,46,2,7,4,8,29,25,7,2,238,52525,15146,20897.5,94611,8971,7565,78075,40376,2
South Gloucestershire,E06000025,96,1,1,52,66,56,2,11,4,15,50,33,3,0,390,145722,41030,60196.8,262767,23072,17842,221853,109967,17
South Hams,E07000044,7,0,0,3,6,19,0,0,1,1,3,3,2,0,45,40656,10649,27278.3,83140,9160,6813,67167,43232,6
South Holland,E07000140,22,3,1,21,31,29,1,9,1,11,20,23,5,0,177,45032,12014,26285.4,88270,9821,8376,70073,38650,11
South Kesteven,E07000141,32,0,1,42,52,72,1,13,0,16,19,18,4,1,271,70352,19950,35265.8,133788,12910,10219,110659,59524,6
South Lakeland,E07000031,99,0,0,28,25,32,0,8,8,7,26,18,13,0,264,51272,13037,33956.4,103658,11229,8290,84139,53410,12
South Norfolk,E07000149,24,0,2,27,55,68,2,4,0,9,19,5,1,1,217,62419,17940,36139,124012,13002,9238,101772,54616,1
South Northamptonshire,E07000155,32,1,0,21,16,21,2,6,1,2,14,11,2,0,129,45709,13234,20780.1,85189,6978,4899,73312,36041,3
South Oxfordshire,E07000179,59,0,1,15,21,48,1,4,3,3,41,3,4,1,204,71868,21077,33142.9,134257,10959,7541,115757,56634,10
South Ribble,E07000126,43,2,0,36,40,24,2,17,1,6,26,17,9,2,225,59513,16263,26962.8,109057,10409,9227,89421,47698,4
South Somerset,E07000189,29,1,0,35,19,33,1,7,1,7,17,12,0,0,162,81543,23199,47119.9,161243,16600,12699,131944,73363,12
South Staffordshire,E07000196,65,2,0,26,41,54,3,7,2,12,15,20,3,1,251,57001,14220,30717.2,108131,11197,9016,87918,45618,3
South Tyneside,E08000023,77,3,0,82,39,85,3,7,3,21,66,24,27,11,448,81975,21429,36531.2,148127,16315,18166,113646,69690,3
Southampton,E06000045,87,5,0,12,66,89,2,11,6,11,44,4,5,0,342,149011,34594,41758.1,236882,20234,18165,198483,100389,207
Southend-on-Sea,E06000033,103,5,3,56,90,219,12,22,5,31,49,11,1,0,607,95082,27165,41257.2,173658,16841,15275,141542,78469,134
Southwark,E09000028,165,9,3,12,45,92,2,5,28,18,37,3,0,0,419,197844,44941,31434.7,288283,20002,18978,249303,122885,380
Spelthorne,E07000213,55,2,0,11,35,56,6,4,1,4,20,8,1,1,204,53538,14594,22331.4,95598,8125,6139,81334,40869,18
St Albans,E07000240,91,2,4,23,48,87,10,6,0,10,20,14,3,2,320,77263,24789,29724.9,140664,10479,7616,122569,57867,24
St Edmundsbury,E07000204,24,0,0,9,11,34,2,3,2,4,23,2,1,1,116,59356,16818,28538,111008,10350,7863,92795,47127,12
St. Helens,E08000013,126,4,3,17,99,82,2,5,0,32,53,46,33,1,503,95251,26190,43695.7,175308,18602,21660,135046,79219,13
Stafford,E07000197,58,1,0,63,25,72,1,11,0,5,39,33,12,0,320,70982,18246,34482.8,130869,13353,10481,107035,57477,33
Staffordshire Moorlands,E07000198,31,4,0,65,31,55,6,10,3,7,24,28,4,0,268,50488,13021,28263.4,97106,10856,9599,76651,43583,2
Stevenage,E07000243,39,2,1,14,27,40,0,3,0,12,11,3,1,0,153,48541,14290,16063.8,83957,7240,5967,70750,35562,7
Stockport,E08000007,197,8,7,46,66,77,9,26,10,32,100,49,23,4,654,153363,43863,69330.8,283275,27772,24487,231016,125762,48
Stockton-on-Tees,E06000004,50,5,2,83,32,75,4,25,3,9,59,63,25,3,438,107736,30818,41638.1,191610,18731,17677,155202,82210,27
Stoke-on-Trent,E06000021,78,6,3,164,81,143,7,19,4,32,76,91,11,1,716,140870,40339,53577.5,249008,27218,29283,192507,111830,35
Stratford-on-Avon,E07000221,98,1,0,24,19,46,1,4,3,5,50,8,11,0,270,61185,16530,35964.8,120485,11829,8505,100151,54772,9
Stroud,E07000082,62,0,0,29,13,22,0,2,3,5,18,19,0,0,173,58927,16792,30311.3,112779,10779,8073,93927,49921,14
Suffolk Coastal,E07000205,55,5,0,27,50,64,0,9,0,15,23,4,1,0,253,60453,17575,38767.2,124298,13173,9790,101335,58306,24
Sunderland,E08000024,227,2,1,69,89,90,2,7,8,19,73,105,75,8,775,155757,39590,64844.4,275506,30346,34206,210954,123304,63
Surrey Heath,E07000214,39,0,0,6,41,89,0,7,2,8,33,3,0,0,228,47322,13666,19732.2,86144,6396,4444,75304,34725,8
Sutton,E09000029,123,2,0,41,76,135,1,9,8,21,28,11,0,0,455,109462,31412,37637.3,190146,15067,12122,162957,79624,72
Swale,E07000113,62,2,0,58,51,114,3,13,2,13,34,41,7,1,401,73028,22180,31886.6,135835,13580,11742,110513,57966,23
Swindon,E06000030,93,5,3,17,46,67,1,11,1,5,49,11,3,5,317,122789,34090,39882.1,209156,17664,14638,176854,91088,40
Tameside,E08000008,149,7,13,41,40,62,13,44,10,24,69,81,54,34,641,122761,35466,48107.1,219324,22624,23307,173393,99114,32
Tamworth,E07000199,42,1,2,15,33,41,4,9,1,6,8,25,3,3,193,43314,12579,16169.6,76813,7201,6544,63068,32257,3
Tandridge,E07000215,47,0,0,11,51,54,0,9,2,5,30,1,0,0,210,43702,12938,21008.3,82998,6972,5340,70686,34710,8
Taunton Deane,E07000190,20,2,1,8,58,69,0,3,0,6,9,5,0,0,181,57476,16806,29557.8,110187,11012,9115,90060,49182,38
Teignbridge,E07000045,22,1,0,7,22,31,0,2,1,3,5,9,2,0,105,61714,16544,39040.6,124220,14081,11534,98605,57681,39
Telford and Wrekin,E06000020,48,2,0,24,43,52,1,5,2,16,32,12,5,0,242,93666,28282,34137.1,166641,15935,15060,135646,68707,7
Tendring,E07000076,78,2,0,16,149,191,5,18,5,32,49,23,8,0,576,63494,18262,48666.7,138048,17959,17303,102786,66899,29
Test Valley,E07000093,53,0,0,11,50,35,2,7,1,7,44,2,7,2,221,61643,17918,29761.4,116398,10263,7456,98679,49138,5
Tewkesbury,E07000083,76,0,0,19,10,40,0,2,1,2,18,8,0,0,176,43196,11833,22268.4,81943,7853,5670,68420,37055,2
Thanet,E07000114,81,6,4,60,66,136,12,11,0,10,37,22,1,2,448,67089,20533,38035.9,134186,15979,15369,102838,64913,85
Three Rivers,E07000102,53,1,0,24,30,71,0,3,0,5,26,11,5,0,229,47466,14158,20060,87317,7223,5402,74692,36151,4
Thurrock,E06000034,101,2,0,30,56,144,3,14,0,13,23,51,10,0,447,90530,28466,28796.8,157705,13149,11401,133155,63858,11
Tonbridge and Malling,E07000115,28,2,0,35,32,94,2,11,4,7,27,2,0,0,244,64157,20459,28059.8,120805,10367,7579,102859,49964,8
Torbay,E06000027,36,1,0,9,20,27,0,2,1,7,17,16,13,0,149,65147,17697,41067.2,130959,15951,15500,99508,63852,114
Torridge,E07000046,14,0,0,7,4,8,0,0,0,3,4,4,0,0,44,31225,8584,20581.6,63839,7324,6116,50399,30685,13
Tower Hamlets,E09000030,139,3,0,45,59,165,0,5,24,12,17,20,8,3,500,177567,41894,21463.9,254096,17045,17258,219793,105067,312
Trafford,E08000009,115,8,3,39,53,44,6,24,10,22,58,66,20,3,471,125760,37655,49126.3,226578,20438,18165,187975,97062,67
Tunbridge Wells,E07000116,30,4,3,34,21,66,3,21,0,2,21,3,1,0,209,62076,19198,26143.6,115049,9399,6972,98678,48883,39
Uttlesford,E07000077,37,2,0,3,26,32,0,4,0,5,17,2,0,1,129,42206,12993,18945.6,79443,6400,4440,68603,32862,0
Vale of White Horse,E07000180,88,0,0,14,16,35,0,5,0,3,24,1,0,1,187,64938,18942,29781.8,120988,10143,7041,103804,51016,4
Wakefield,E08000036,197,5,2,123,75,90,8,36,4,35,83,116,22,6,802,181060,49640,76403.2,325837,34962,36939,253936,146312,50
Walsall,E08000030,230,8,4,64,165,148,2,24,20,31,84,86,14,0,880,144850,46171,61074.8,269323,27837,28065,213421,110901,42
Waltham Forest,E09000031,180,2,0,60,49,163,2,9,11,9,35,16,4,3,543,161548,46592,35383.4,258249,19744,17884,220621,98094,185
Wandsworth,E09000032,135,3,1,25,68,127,3,1,29,10,28,10,7,0,447,213799,43106,37603.5,306995,18272,16114,272609,134202,417
Warrington,E06000007,135,7,2,39,49,93,1,12,0,19,62,54,37,4,514,113563,31714,44694.5,202228,18057,16940,167231,87935,8
Warwick,E07000222,60,4,0,30,35,60,3,10,1,7,25,7,0,0,242,79812,19469,31279.7,137648,11647,8763,117238,60380,47
Watford,E07000103,87,2,0,13,28,58,5,7,0,5,14,8,8,2,237,54401,15455,15183.5,90301,6831,5469,78001,37353,51
Waveney,E07000206,67,3,0,7,46,49,0,8,0,10,42,14,3,0,249,56113,16301,36466.9,115254,13551,12158,89545,54525,33
Waverley,E07000216,70,0,0,20,53,80,3,7,3,8,47,9,0,0,300,62097,19890,31899.5,121572,9893,6984,104695,51532,13
Wealden,E07000065,59,3,4,32,58,146,6,9,2,13,32,6,4,0,374,72849,21286,45801,148915,15144,10918,122853,65145,14
Wellingborough,E07000156,30,2,1,14,26,30,3,5,1,5,23,9,1,1,151,41053,12289,17458.6,75356,7482,5982,61892,33073,4
Welwyn Hatfield,E07000241,54,1,0,7,41,82,2,10,6,6,33,4,0,0,246,65227,16784,22477,110535,8984,6924,94627,45525,6
West Berkshire,E06000037,90,1,1,16,24,39,1,1,5,11,26,4,4,0,223,85049,25480,33418.4,153822,12016,8262,133544,64586,17
West Devon,E07000047,7,1,1,5,2,6,1,0,0,0,4,2,0,1,30,26477,7144,16921.6,53553,6145,4579,42829,24669,8
West Dorset,E07000052,36,0,0,2,30,43,0,0,2,8,10,7,0,0,138,46289,12775,34667.2,99264,11468,8645,79151,49309,10
West Lancashire,E07000127,74,0,1,23,29,23,3,6,3,9,30,36,19,5,261,59139,16100,28802.2,110685,10926,11212,88547,47963,10
West Lindsey,E07000142,12,1,0,41,17,49,0,1,0,11,8,17,4,0,161,45641,12520,25740.1,89250,9840,7944,71466,40196,2
West Oxfordshire,E07000181,72,1,0,9,23,30,1,5,1,2,31,3,1,0,179,56573,15941,26250.1,104779,8941,6208,89630,45576,4
West Somerset,E07000191,5,0,1,4,9,6,0,1,1,0,4,1,0,0,32,15910,3932,13240.7,34675,4561,3690,26424,17565,6
Westminster,E09000033,137,1,0,18,49,91,0,3,20,13,14,5,7,0,358,149719,27293,33755.7,219396,15553,15326,188517,117796,522
Weymouth and Portland,E07000053,26,0,0,2,13,18,0,1,2,3,1,2,0,0,68,34215,8873,18573.8,65167,7786,6315,51066,30980,17
Wigan,E08000010,192,7,1,102,59,122,9,24,3,24,104,181,79,0,907,176913,49818,72887.6,317849,33474,34847,249528,141492,27
Wiltshire,E06000054,185,1,1,51,130,167,2,28,11,29,118,42,5,3,773,250847,74124,116774.8,470981,43836,31408,395737,201936,55
Winchester,E07000094,52,0,0,8,27,35,1,3,3,3,43,11,4,0,190,62406,17785,29491.9,116595,10065,6862,99668,49124,16
Windsor and Maidenhead,E06000040,86,3,0,23,46,88,2,2,8,14,24,11,4,2,313,79221,23707,32808.8,144560,10412,7952,126196,60886,15
Wirral,E08000015,261,2,4,33,132,177,11,34,12,23,90,62,48,7,896,169356,48716,82747.4,319783,34306,37898,247579,145611,82
Woking,E07000217,36,2,0,17,36,42,2,8,0,8,24,8,2,1,186,56624,16698,20336.7,99198,7399,5486,86313,40645,7
Wokingham,E06000041,85,0,2,29,31,49,0,7,4,4,33,14,8,1,267,85705,25720,33254.4,154380,11118,7262,136000,62465,9
Wolverhampton,E08000031,176,2,1,52,130,177,4,16,35,32,48,38,22,2,735,139732,41033,53648.5,249470,25842,25416,198212,105739,86
Worcester,E07000237,38,0,0,8,23,70,1,4,0,7,13,9,2,0,175,57790,15364,20207.3,98768,8874,7131,82763,43236,36
Worthing,E07000229,38,2,0,3,51,55,2,3,1,14,27,7,3,2,208,55551,15355,28192.2,104640,10966,9310,84364,48219,92
Wychavon,E07000238,73,3,0,22,39,56,3,8,2,8,17,13,2,2,248,60074,16082,34152.5,116944,11649,8936,96359,51915,15
Wycombe,E07000007,55,1,0,22,67,104,4,4,5,23,27,7,7,0,326,95135,28503,37188.9,171644,13187,9339,149118,70049,38
Wyre,E07000128,40,1,1,35,32,75,2,17,0,6,48,58,25,0,340,52911,14263,34831.7,107749,12945,12656,82148,49965,27
Wyre Forest,E07000239,71,3,0,30,33,42,1,4,1,15,31,9,8,1,249,50658,13634,28309.7,97975,10506,8993,78476,44989,19
York,E06000014,65,4,1,25,42,79,4,9,3,12,74,13,5,1,337,116965,26243,45170.5,198051,17357,13018,167676,86413,70
